material_id,pretty_formula
mp-1020648,NaLaSiO4
mp-10572,NaPN2
mp-1072114,HoOF
mp-1072193,ErOF
mp-1072208,DyOF
mp-1079891,Ba2Br2O
mp-1114456,Rb2NaScF6
mp-11347,TbF3
mp-1138,LiF
mp-1180133,NaCaH6Ir
mp-1182061,BaNaH6Ir
mp-1192338,Na5Sm4Si4O16F
mp-1192370,Na5Pr4Si4O16F
mp-1192521,Na5Nd4Si4O16F
mp-1192906,Ba4Ta2O9
mp-1196869,Ba3Al2O6
mp-1198935,K2Na2Sm4Ta2O13
mp-1199246,Ba5B3BrO9
mp-1200960,K2Na2Sm4Nb2O13
mp-1201301,K2Hf2O5
mp-1201345,Ba5B3ClO9
mp-1201519,K2Na2Nd4Nb2O13
mp-1207669,TmOF
mp-1209986,NaLiEr2F8
mp-1209991,NaLiLu2F8
mp-1210003,NaLiHo2F8
mp-1210006,NaLiTm2F8
mp-1210364,Na2Sm2B2O7
mp-1210472,Na3La(BO3)2
mp-1210775,LuOF
mp-1210818,LuF3
mp-1212889,DyF3
mp-1216,YbO
mp-1218249,SrLa4Si3O13
mp-1220764,NaHfScO4
mp-1220826,NaLaF4
mp-1220915,NaSmF4
mp-1220948,NaPrF4
mp-1220999,NaNdF4
mp-1221034,NaGdF4
mp-1227232,Ca6Al7ClO16
mp-1227337,Ca6Al7O16F
mp-1228113,Ba5P3O12F
mp-12671,Er2SO2
mp-13019,NaLa2TaO6
mp-13042,NaSr3TaO6
mp-13774,NaNdSiO4
mp-13815,Rb2NaErF6
mp-13816,Cs2NaErF6
mp-13925,Cs2NaYF6
mp-13926,Rb2NaYF6
mp-14093,TbOF
mp-1427,Lu2O3
mp-14726,Na4TiO4
mp-14964,Pr3TaO7
mp-16432,Sr3(BO3)2
mp-17612,Ba2SiO4
mp-1767,Tm2O3
mp-17673,Lu3O2F5
mp-17850,K3NaTh2O6
mp-17891,NaYSiO4
mp-17904,Nd2TiO5
mp-18480,Na3Ca2TaO6
mp-1960,Li2O
mp-216,Sc2O3
mp-22916,NaBr
mp-23063,Ba4Cl6O
mp-23326,Ca4Cl6O
mp-2345,Dy2O3
mp-23703,LiH
mp-23713,CaH2
mp-23859,CaHCl
mp-23870,NaH
mp-23956,K2MgH4
mp-24084,KH
mp-24383,Mg(H2N)2
mp-2472,SrO
mp-24747,Na3H6Rh
mp-2605,CaO
mp-27275,Li3BO3
mp-27456,BaBr2
mp-28017,Na8Ti5O14
mp-28549,Li8SiO6
mp-28559,Na6Be8O11
mp-2892,BaNd2O4
mp-28940,Sr4Nb2O9
mp-2931,Li2TiO3
mp-2983,Ba(PN2)2
mp-29909,Ba4I6O
mp-30980,NaYO2
mp-31116,LaScO3
mp-31212,K2MgF4
mp-3393,Sr3Al2O6
mp-34081,NaYF4
mp-3448,KMgF3
mp-3564,BaSc2O4
mp-3575,Ca3(BO3)2
mp-3919,KBO2
mp-3933,Mg2PN3
mp-3952,BaY2O4
mp-4156,Li2ZrO3
mp-4185,Na3ScF6
mp-4511,La2SO2
mp-4533,Na2SiO3
mp-504554,Ba5Ta4O15
mp-5088,NaGdO2
mp-510557,CsN3
mp-540945,Na2Li3GaO4
mp-5418,Li6Zr2O7
mp-541989,Na2CN2
mp-542201,Ba3Nb2O8
mp-551835,Ba2I2O
mp-555218,Ba4Br6O
mp-555932,RbEr3F10
mp-556039,Na3Y(BO3)2
mp-556168,Na7Al3O8
mp-556185,RbNaTiO3
mp-556438,KNaSmNbO5
mp-556637,Ba6Na2Nb2P2O17
mp-556695,NaSrBO3
mp-557753,K3PO4
mp-558212,KNaNdNbO5
mp-558317,KNaPrNbO5
mp-558455,Na4Li5(BO3)3
mp-558805,Na3Nd(BO3)2
mp-559904,NaLi3SiO4
mp-560114,Er3O2F5
mp-560189,NaLi2BO3
mp-560767,KNaTiO3
mp-560889,Ba6Na2Si4O15
mp-561430,LiLuF4
mp-5634,NdOF
mp-568987,Na2BeH4
mp-6058,K2NaScF6
mp-6204,Cs2NaScF6
mp-643,ThO2
mp-643047,Ba3(H6Ir)2
mp-6499,BaLiBO3
mp-6575,Ba4Na(BO3)3
mp-6660,BaNaBO3
mp-674459,NaErF4
mp-675798,NaHoF4
mp-680381,K2Na2Gd4Nb2O13
mp-682,NaF
mp-695998,K2ZnH4
mp-6964,NaTbO2
mp-7020,LiYO2
mp-707836,Na3H6Ir
mp-7500,Na4SiO4
mp-752672,NaDyO2
mp-753721,GdOF
mp-754027,NaSmO2
mp-754825,NaTmO2
mp-755311,NaLuO2
mp-755417,Ba3(BO3)2
mp-755586,NaLaO2
mp-755617,NaHoO2
mp-769173,PrOF
mp-770806,Sm2TiO5
mp-774749,RbNa3Li12Ti4O16
mp-7914,NaScO2
mp-8128,NaNdO2
mp-827,KN3
mp-8430,KLiS
mp-8452,NaLiS
mp-8470,NaPrO2
mp-861607,KNaNdTaO5
mp-861868,KNaLaTaO5
mp-861944,KNaPrTaO5
mp-861957,KNaSmTaO5
mp-865934,YbF2
mp-8961,Ba3NaTaO6
mp-8973,NaSi2N3
mp-9172,Li4TiO4
mp-9488,SmOF
mp-974482,K4Hf5O12
mp-978278,Na(BH)6
mp-984055,Ca7(H6Cl)2
mp-990440,Na2ZrO3
